<?xml version="1.0" encoding="utf-8"?>
<VolunteerComputingModel xmlns:xsd="http://www.w3.org/2001/XMLSchema" xmlns:xsi="http://www.w3.org/2001/XMLSchema-instance">
  <Name>SmartRedundancy</Name>
  <Id>2cffc027-5cf6-49e5-8bb2-7e1b45140475</Id>
  <Structure xsi:type="VolunteerComputingStructure">
    <Id>3b22c32a-5dfe-46db-871e-d6c11cf6cef1</Id>
    <Types>
      <anyType xsi:type="VolunteerComputingSystem">
        <Name>SmartRedundancySystem</Name>
        <Id>5081752d-6902-46b8-9e77-3e5182619ec1</Id>
        <Structure xsi:type="VolunteerComputingSystemStructure">
          <Id>4ba230fe-2176-4066-8965-2c346446ffcd</Id>
          <Types>
            <anyType xsi:type="ProblemSpec">
              <Name>Problem</Name>
              <Id>139c659e-5d62-4f7d-b2e0-52e2b38d6385</Id>
              <Structure xsi:type="ProblemSpecStructure">
                <Id>a66a107f-e3c7-4de9-85d6-ee7268ab5fa2</Id>
                <Types />
              </Structure>
              <Text xsi:type="DP_Text">
                <Id>f122f812-7c0d-4534-b70a-8435658dc068</Id>
                <Instructions>
                  <Instruction>
                    <Name>Startup</Name>
                    <String />
                  </Instruction>
                </Instructions>
              </Text>
              <Size>
                <Width>97</Width>
                <Height>99</Height>
              </Size>
              <Location>
                <X>9</X>
                <Y>49</Y>
              </Location>
              <DisplayName>problem</DisplayName>
              <NameFont>
                <FontFamily>Segoe UI</FontFamily>
                <Size>9</Size>
                <Style>Regular</Style>
              </NameFont>
              <ShapeProperties>
                <Shape>Ellipse</Shape>
                <DefaultSize>
                  <Width>100</Width>
                  <Height>60</Height>
                </DefaultSize>
                <BorderColor>
                  <Argb>-16777216</Argb>
                </BorderColor>
                <FillColor>
                  <Argb>0</Argb>
                </FillColor>
                <GradientFillColor>
                  <Argb>0</Argb>
                </GradientFillColor>
                <Alignment>MiddleCenter</Alignment>
              </ShapeProperties>
              <ComputationSize>1000</ComputationSize>
            </anyType>
            <anyType xsi:type="VolunteerPool">
              <Name>Volunteers</Name>
              <Id>2f5684ff-4188-4930-ac0f-a6ae6ea3de45</Id>
              <Structure xsi:type="VolunteerPoolStructure">
                <Id>33311397-aabe-45a5-a6e6-bcc990f2c6d4</Id>
                <Types />
              </Structure>
              <Text xsi:type="DP_Text">
                <Id>b2b8cf5b-be56-45a8-95a1-cd9fff3a8fb3</Id>
                <Instructions />
              </Text>
              <Size>
                <Width>180</Width>
                <Height>205</Height>
              </Size>
              <Location>
                <X>858</X>
                <Y>190</Y>
              </Location>
              <DisplayName>volunteers</DisplayName>
              <NameFont>
                <FontFamily>Segoe UI</FontFamily>
                <Size>11</Size>
                <Style>Bold</Style>
              </NameFont>
              <ShapeProperties>
                <Shape>Icon</Shape>
                <DefaultSize>
                  <Width>100</Width>
                  <Height>60</Height>
                </DefaultSize>
                <BorderColor>
                  <Argb>-16777216</Argb>
                </BorderColor>
                <FillColor>
                  <Argb>0</Argb>
                </FillColor>
                <GradientFillColor>
                  <Argb>0</Argb>
                </GradientFillColor>
                <Alignment>TopCenter</Alignment>
                <Icon>VolunteerPool.png</Icon>
              </ShapeProperties>
              <PoolSize>10</PoolSize>
              <VolunteerReliability>0.7</VolunteerReliability>
              <Workers>
                <Worker>
                  <Name>Volunteer</Name>
                  <Queues>
                    <string>Jobs</string>
                  </Queues>
                  <Capacity>PoolSize</Capacity>
                  <Velocity>1</Velocity>
                </Worker>
              </Workers>
              <Queues>
                <Queue>
                  <Name>Jobs</Name>
                  <Ordering>LIFO</Ordering>
                </Queue>
              </Queues>
            </anyType>
            <anyType xsi:type="JobServer">
              <Name>SimpleJobServer</Name>
              <Id>0712a8aa-7c6a-412b-a118-758cfc6e8fe2</Id>
              <Structure xsi:type="JobServerStructure">
                <Id>eede5050-60bc-422e-ad69-22b90737d033</Id>
                <Types>
                  <anyType xsi:type="JobQueue">
                    <Name>UniformJobQueue</Name>
                    <Id>5c4ad530-4566-40f4-8789-46865dc9e2f8</Id>
                    <Structure xsi:type="JobQueueStructure">
                      <Id>e0aaf8cf-04b4-49f4-9981-c0073b2f8353</Id>
                      <Types />
                    </Structure>
                    <Text xsi:type="DP_Text">
                      <Id>c0962631-b340-4d90-9072-54138cfde72b</Id>
                      <Instructions />
                    </Text>
                    <Size>
                      <Width>63</Width>
                      <Height>410</Height>
                    </Size>
                    <Location>
                      <X>33</X>
                      <Y>62</Y>
                    </Location>
                    <DisplayName>job queue</DisplayName>
                    <NameFont>
                      <FontFamily>Segoe UI</FontFamily>
                      <Size>9</Size>
                      <Style>Regular</Style>
                    </NameFont>
                    <ShapeProperties>
                      <Shape>Icon</Shape>
                      <DefaultSize>
                        <Width>100</Width>
                        <Height>60</Height>
                      </DefaultSize>
                      <BorderColor>
                        <Argb>-16777216</Argb>
                      </BorderColor>
                      <FillColor>
                        <Argb>0</Argb>
                      </FillColor>
                      <GradientFillColor>
                        <Argb>0</Argb>
                      </GradientFillColor>
                      <Alignment>TopCenter</Alignment>
                      <Icon>.\jobqueue.bmp</Icon>
                    </ShapeProperties>
                    <ImplementationType>Queue&lt;UniformJob&gt;</ImplementationType>
                    <InitialValue>new Queue&lt;UniformJob&gt;()</InitialValue>
                  </anyType>
                  <anyType xsi:type="ServerFunction">
                    <Name>SubdivideComp</Name>
                    <Id>e17fb808-c6f8-4711-af08-d82e31b3ab99</Id>
                    <Structure xsi:type="ServerFunctionStructure">
                      <Id>3be03e09-7881-4a54-b4fe-14c3f8e06b05</Id>
                      <Types />
                    </Structure>
                    <Text xsi:type="DP_Text">
                      <Id>9500b6a8-55c9-4251-ab7f-84fdd73a6947</Id>
                      <Instructions>
                        <Instruction>
                          <Name>Run</Name>
                          <String>SimpleJobServer.NumTasks = SimpleJobServer.NewProblemSubmission.ComputationSize;
SimpleJobServer.KParameter = SimpleJobServer.NewProblemSubmission.RequiredConfidence;
</String>
                        </Instruction>
                        <Instruction>
                          <Name>Duration</Name>
                          <String>return 0;
</String>
                        </Instruction>
                      </Instructions>
                    </Text>
                    <Size>
                      <Width>133</Width>
                      <Height>60</Height>
                    </Size>
                    <Location>
                      <X>129</X>
                      <Y>67</Y>
                    </Location>
                    <DisplayName>subdivide computation into tasks</DisplayName>
                    <NameFont>
                      <FontFamily>Segoe UI</FontFamily>
                      <Size>9</Size>
                      <Style>Regular</Style>
                    </NameFont>
                    <ShapeProperties>
                      <DefaultSize>
                        <Width>100</Width>
                        <Height>60</Height>
                      </DefaultSize>
                      <BorderColor>
                        <Argb>-16777216</Argb>
                      </BorderColor>
                      <BorderWidth>2</BorderWidth>
                      <FillColor>
                        <Argb>0</Argb>
                      </FillColor>
                      <GradientFillColor>
                        <Argb>0</Argb>
                      </GradientFillColor>
                      <CornerRounding>28</CornerRounding>
                      <Alignment>MiddleCenter</Alignment>
                    </ShapeProperties>
                  </anyType>
                  <anyType xsi:type="ServerFunction">
                    <Name>CreateJobs</Name>
                    <Id>16547bb9-04a1-4a47-bccb-902fa1543b3b</Id>
                    <Structure xsi:type="ServerFunctionStructure">
                      <Id>2006bed9-5c58-4f38-891e-40f4249ff765</Id>
                      <Types />
                    </Structure>
                    <Text xsi:type="DP_Text">
                      <Id>12cdef4a-5700-4590-a480-fb3d7f723704</Id>
                      <Instructions>
                        <Instruction>
                          <Name>Run</Name>
                          <String>SimpleJobServer.NumCorrect = 0;
SimpleJobServer.NumIncorrect = 0;
SimpleJobServer.UniformJobQueue.Clear();

for (int i = 0; i &lt; SimpleJobServer.NumTasks; i++)
{
	UniformJob newJob = (UniformJob)SimpleJobServer.Create("UniformJob");
	newJob.JobId = i;
	SimpleJobServer.UniformJobQueue.Enqueue(newJob);
	SimpleJobServer.TotalExecutionTime+=(1/ SimpleJobServer.VolunteerNetwork.Volunteers.ProcessingPower);
}
</String>
                        </Instruction>
                        <Instruction>
                          <Name>Duration</Name>
                          <String>return 0;
</String>
                        </Instruction>
                      </Instructions>
                    </Text>
                    <Size>
                      <Width>120</Width>
                      <Height>60</Height>
                    </Size>
                    <Location>
                      <X>131</X>
                      <Y>190</Y>
                    </Location>
                    <DisplayName>create jobs for tasks</DisplayName>
                    <NameFont>
                      <FontFamily>Segoe UI</FontFamily>
                      <Size>9</Size>
                      <Style>Regular</Style>
                    </NameFont>
                    <ShapeProperties>
                      <DefaultSize>
                        <Width>100</Width>
                        <Height>60</Height>
                      </DefaultSize>
                      <BorderColor>
                        <Argb>-16777216</Argb>
                      </BorderColor>
                      <BorderWidth>2</BorderWidth>
                      <FillColor>
                        <Argb>0</Argb>
                      </FillColor>
                      <GradientFillColor>
                        <Argb>0</Argb>
                      </GradientFillColor>
                      <CornerRounding>28</CornerRounding>
                      <Alignment>MiddleCenter</Alignment>
                    </ShapeProperties>
                  </anyType>
                  <anyType xsi:type="ServerFunction">
                    <Name>HandleResult</Name>
                    <Id>92ab85d4-e9b3-4adc-a62d-1410a369db79</Id>
                    <Structure xsi:type="ServerFunctionStructure">
                      <Id>932b1622-a83c-4cb0-83a1-e34e261c8909</Id>
                      <Types>
                        <anyType xsi:type="LocalVariable">
                          <Name>JobAssignment</Name>
                          <Id>3d5330b0-3be2-471c-9ef7-062d7530de32</Id>
                          <Structure xsi:type="LocalVariableStructure">
                            <Id>20d4ea07-7961-4406-9fec-22c66c2cd6d0</Id>
                            <Types />
                          </Structure>
                          <Text xsi:type="DP_Text">
                            <Id>2956a354-5ecf-486a-beea-88ca3abcdae9</Id>
                            <Instructions />
                          </Text>
                          <Size>
                            <Width>123</Width>
                            <Height>25</Height>
                          </Size>
                          <Location>
                            <X>293</X>
                            <Y>26</Y>
                          </Location>
                          <DisplayName>JobAssignment</DisplayName>
                          <NameFont>
                            <FontFamily>Segoe UI</FontFamily>
                            <Size>9</Size>
                            <Style>Regular</Style>
                          </NameFont>
                          <ShapeProperties>
                            <DefaultSize>
                              <Width>100</Width>
                              <Height>60</Height>
                            </DefaultSize>
                            <BorderColor>
                              <Argb>-16777216</Argb>
                            </BorderColor>
                            <FillColor>
                              <Argb>0</Argb>
                            </FillColor>
                            <GradientFillColor>
                              <Argb>0</Argb>
                            </GradientFillColor>
                          </ShapeProperties>
                          <ImplementationType>UniformJob</ImplementationType>
                        </anyType>
                      </Types>
                    </Structure>
                    <Text xsi:type="DP_Text">
                      <Id>1ac5559e-71bd-44d4-bb2b-ddf943059bad</Id>
                      <Instructions>
                        <Instruction>
                          <Name>Run</Name>
                          <String>SimpleJobServer.Cost = SimpleJobServer.VolunteerNetwork.Volunteers.PoolSize*SimpleJobServer.VolunteerNetwork.Volunteers.VolunteerReliability + 
 SimpleJobServer.VolunteerNetwork.Volunteers.PoolSize*SimpleJobServer.VolunteerNetwork.Volunteers.ProcessingPower ;
if (!SimpleJobServer.ReceivedResults.ContainsKey(JobAssignment.JobId))
	SimpleJobServer.ReceivedResults.Add(JobAssignment.JobId, (Vote)SimpleJobServer.Create("Vote"));

double r = Random.Uniform();
        
if (r &lt; SimpleJobServer.VolunteerNetwork.Volunteers.VolunteerReliability)
{
	SimpleJobServer.ReceivedResults[JobAssignment.JobId].Correct++;
}
else
{
	SimpleJobServer.ReceivedResults[JobAssignment.JobId].Incorrect++;
}

if (SimpleJobServer.ReceivedResults[JobAssignment.JobId].Correct -
	SimpleJobServer.ReceivedResults[JobAssignment.JobId].Incorrect &gt;=
	SimpleJobServer.KParameter)
{
	SimpleJobServer.NumCorrect++;
	SimpleJobServer.PercentCorrect = SimpleJobServer.NumCorrect /
		((double)SimpleJobServer.NumCorrect + SimpleJobServer.NumIncorrect);
}
else if (SimpleJobServer.ReceivedResults[JobAssignment.JobId].Incorrect -
	SimpleJobServer.ReceivedResults[JobAssignment.JobId].Correct &gt;=
	SimpleJobServer.KParameter)
{
	SimpleJobServer.NumIncorrect++;
	SimpleJobServer.PercentCorrect = SimpleJobServer.NumCorrect /
		((double)SimpleJobServer.NumCorrect + SimpleJobServer.NumIncorrect);
}
else
{
	UniformJob newJob = (UniformJob)SimpleJobServer.Create("UniformJob");
	newJob.JobId = JobAssignment.JobId;
	SimpleJobServer.UniformJobQueue.Enqueue(newJob);
	SimpleJobServer.TotalExecutionTime+=(1/ SimpleJobServer.VolunteerNetwork.Volunteers.ProcessingPower);
	
}
</String>
                        </Instruction>
                        <Instruction>
                          <Name>Duration</Name>
                          <String>return Random.Uniform();
</String>
                        </Instruction>
                      </Instructions>
                    </Text>
                    <Size>
                      <Width>120</Width>
                      <Height>60</Height>
                    </Size>
                    <Location>
                      <X>131</X>
                      <Y>407</Y>
                    </Location>
                    <DisplayName>handle result and create new jobs</DisplayName>
                    <NameFont>
                      <FontFamily>Segoe UI</FontFamily>
                      <Size>9</Size>
                      <Style>Regular</Style>
                    </NameFont>
                    <ShapeProperties>
                      <DefaultSize>
                        <Width>100</Width>
                        <Height>60</Height>
                      </DefaultSize>
                      <BorderColor>
                        <Argb>-16777216</Argb>
                      </BorderColor>
                      <BorderWidth>2</BorderWidth>
                      <FillColor>
                        <Argb>0</Argb>
                      </FillColor>
                      <GradientFillColor>
                        <Argb>0</Argb>
                      </GradientFillColor>
                      <CornerRounding>28</CornerRounding>
                      <Alignment>MiddleCenter</Alignment>
                    </ShapeProperties>
                    <ResourceDependency>VolunteerNetwork</ResourceDependency>
                    <ResourceRequest>Jobs</ResourceRequest>
                  </anyType>
                  <anyType xsi:type="NextFunction">
                    <Name>FinishedSubdivide</Name>
                    <Id>632ea216-c791-4bfc-9f63-9d793e4c313f</Id>
                    <Structure xsi:type="NextFunctionStructure">
                      <Id>03084047-9fb4-4f04-b1af-362235085ee0</Id>
                      <Types />
                    </Structure>
                    <Text xsi:type="DP_Text">
                      <Id>fd095191-9191-4ff8-a36a-4677e23a7d96</Id>
                      <Instructions>
                        <Instruction>
                          <Name>Trigger</Name>
                          <String>return true;
</String>
                        </Instruction>
                        <Instruction>
                          <Name>Transfer</Name>
                          <String />
                        </Instruction>
                        <Instruction>
                          <Name>Resolve</Name>
                          <String>return Context;
</String>
                        </Instruction>
                      </Instructions>
                    </Text>
                    <Size>
                      <Width>0</Width>
                      <Height>63</Height>
                    </Size>
                    <Location>
                      <X>193</X>
                      <Y>127</Y>
                    </Location>
                    <DisplayName>FinishedSubdivide</DisplayName>
                    <ShowName>false</ShowName>
                    <NameFont>
                      <FontFamily>Segoe UI</FontFamily>
                      <Size>9</Size>
                      <Style>Regular</Style>
                    </NameFont>
                    <LineProperties>
                      <LineWidth>50</LineWidth>
                      <BorderColor>
                        <Argb>-16777216</Argb>
                      </BorderColor>
                      <FillColor>
                        <Argb>-1</Argb>
                      </FillColor>
                      <Role1>
                        <Font>
                          <FontFamily>Segoe UI</FontFamily>
                          <Size>9</Size>
                          <Style>Regular</Style>
                        </Font>
                        <Offset>
                          <X>64</X>
                          <Y>60</Y>
                        </Offset>
                      </Role1>
                      <Role2>
                        <Font>
                          <FontFamily>Segoe UI</FontFamily>
                          <Size>9</Size>
                          <Style>Regular</Style>
                        </Font>
                        <Icon>.\largearrow.gif</Icon>
                        <Offset>
                          <X>62</X>
                          <Y>0</Y>
                        </Offset>
                      </Role2>
                    </LineProperties>
                    <Role1Id>e17fb808-c6f8-4711-af08-d82e31b3ab99</Role1Id>
                    <Role2Id>16547bb9-04a1-4a47-bccb-902fa1543b3b</Role2Id>
                  </anyType>
                  <anyType xsi:type="NextFunction">
                    <Name>FinishedCreate</Name>
                    <Id>4be4c824-ea77-4817-b940-6422d9956f9b</Id>
                    <Structure xsi:type="NextFunctionStructure">
                      <Id>899a4300-0164-4d17-907c-1eb35b8fe563</Id>
                      <Types />
                    </Structure>
                    <Text xsi:type="DP_Text">
                      <Id>4b4bca61-e605-4033-a170-65970ad68791</Id>
                      <Instructions>
                        <Instruction>
                          <Name>Trigger</Name>
                          <String>return true;
</String>
                        </Instruction>
                        <Instruction>
                          <Name>Transfer</Name>
                          <String />
                        </Instruction>
                        <Instruction>
                          <Name>Resolve</Name>
                          <String>return Context;
</String>
                        </Instruction>
                      </Instructions>
                    </Text>
                    <Size>
                      <Width>0</Width>
                      <Height>49</Height>
                    </Size>
                    <Location>
                      <X>192</X>
                      <Y>250</Y>
                    </Location>
                    <DisplayName>FinishedCreate</DisplayName>
                    <ShowName>false</ShowName>
                    <NameFont>
                      <FontFamily>Segoe UI</FontFamily>
                      <Size>9</Size>
                      <Style>Regular</Style>
                    </NameFont>
                    <LineProperties>
                      <LineWidth>50</LineWidth>
                      <BorderColor>
                        <Argb>-16777216</Argb>
                      </BorderColor>
                      <FillColor>
                        <Argb>-1</Argb>
                      </FillColor>
                      <Role1>
                        <Font>
                          <FontFamily>Segoe UI</FontFamily>
                          <Size>9</Size>
                          <Style>Regular</Style>
                        </Font>
                        <Offset>
                          <X>61</X>
                          <Y>60</Y>
                        </Offset>
                      </Role1>
                      <Role2>
                        <Font>
                          <FontFamily>Segoe UI</FontFamily>
                          <Size>9</Size>
                          <Style>Regular</Style>
                        </Font>
                        <Icon>.\largearrow.gif</Icon>
                        <Offset>
                          <X>62</X>
                          <Y>0</Y>
                        </Offset>
                      </Role2>
                    </LineProperties>
                    <Role1Id>16547bb9-04a1-4a47-bccb-902fa1543b3b</Role1Id>
                    <Role2Id>30af572e-0a3f-4432-8f5a-c52458fad119</Role2Id>
                  </anyType>
                  <anyType xsi:type="NextFunction">
                    <Name>FinishedHandleResult</Name>
                    <Id>99196698-6b18-4457-8939-3766246cd397</Id>
                    <Structure xsi:type="NextFunctionStructure">
                      <Id>2a815b90-bb14-4a39-a96d-cf8d145ba678</Id>
                      <Types />
                    </Structure>
                    <Text xsi:type="DP_Text">
                      <Id>cf01c2e4-3004-4ba9-9316-fd368ee9a51a</Id>
                      <Instructions>
                        <Instruction>
                          <Name>Trigger</Name>
                          <String>return true;
</String>
                        </Instruction>
                        <Instruction>
                          <Name>Transfer</Name>
                          <String />
                        </Instruction>
                        <Instruction>
                          <Name>Resolve</Name>
                          <String>return Context;
</String>
                        </Instruction>
                      </Instructions>
                    </Text>
                    <Size>
                      <Width>1</Width>
                      <Height>48</Height>
                    </Size>
                    <Location>
                      <X>190</X>
                      <Y>359</Y>
                    </Location>
                    <DisplayName>FinishedHandleResult</DisplayName>
                    <ShowName>false</ShowName>
                    <NameFont>
                      <FontFamily>Segoe UI</FontFamily>
                      <Size>9</Size>
                      <Style>Regular</Style>
                    </NameFont>
                    <LineProperties>
                      <LineWidth>50</LineWidth>
                      <BorderColor>
                        <Argb>-16777216</Argb>
                      </BorderColor>
                      <FillColor>
                        <Argb>-1</Argb>
                      </FillColor>
                      <Role1>
                        <Font>
                          <FontFamily>Segoe UI</FontFamily>
                          <Size>9</Size>
                          <Style>Regular</Style>
                        </Font>
                        <Offset>
                          <X>60</X>
                          <Y>0</Y>
                        </Offset>
                      </Role1>
                      <Role2>
                        <Font>
                          <FontFamily>Segoe UI</FontFamily>
                          <Size>9</Size>
                          <Style>Regular</Style>
                        </Font>
                        <Icon>.\largearrow.gif</Icon>
                        <Offset>
                          <X>60</X>
                          <Y>60</Y>
                        </Offset>
                      </Role2>
                    </LineProperties>
                    <Role1Id>92ab85d4-e9b3-4adc-a62d-1410a369db79</Role1Id>
                    <Role2Id>30af572e-0a3f-4432-8f5a-c52458fad119</Role2Id>
                  </anyType>
                  <anyType xsi:type="NextFunction">
                    <Name>FinishedAssignment</Name>
                    <Id>1f4797b0-0e56-4644-9e03-8b43e86cae54</Id>
                    <Structure xsi:type="NextFunctionStructure">
                      <Id>111880df-0417-4576-8c50-dbdce11c293f</Id>
                      <Types />
                    </Structure>
                    <Text xsi:type="DP_Text">
                      <Id>6e9010e8-7b0a-492c-a707-7542ee45b3fd</Id>
                      <Instructions>
                        <Instruction>
                          <Name>Trigger</Name>
                          <String>return true;
</String>
                        </Instruction>
                        <Instruction>
                          <Name>Transfer</Name>
                          <String>HandleResult.JobAssignment = AssignJob.AssignedJob;
</String>
                        </Instruction>
                        <Instruction>
                          <Name>Resolve</Name>
                          <String>return Context;
</String>
                        </Instruction>
                      </Instructions>
                    </Text>
                    <Size>
                      <Width>78</Width>
                      <Height>43</Height>
                    </Size>
                    <Location>
                      <X>251</X>
                      <Y>394</Y>
                    </Location>
                    <DisplayName>FinishedAssignment</DisplayName>
                    <ShowName>false</ShowName>
                    <NameFont>
                      <FontFamily>Segoe UI</FontFamily>
                      <Size>9</Size>
                      <Style>Regular</Style>
                    </NameFont>
                    <LineProperties>
                      <LineWidth>50</LineWidth>
                      <BorderColor>
                        <Argb>-16777216</Argb>
                      </BorderColor>
                      <FillColor>
                        <Argb>-1</Argb>
                      </FillColor>
                      <Role1>
                        <Font>
                          <FontFamily>Segoe UI</FontFamily>
                          <Size>9</Size>
                          <Style>Regular</Style>
                        </Font>
                        <Offset>
                          <X>0</X>
                          <Y>45</Y>
                        </Offset>
                      </Role1>
                      <Role2>
                        <Font>
                          <FontFamily>Segoe UI</FontFamily>
                          <Size>9</Size>
                          <Style>Regular</Style>
                        </Font>
                        <Icon>.\largearrow.gif</Icon>
                        <Offset>
                          <X>120</X>
                          <Y>30</Y>
                        </Offset>
                      </Role2>
                    </LineProperties>
                    <Role1Id>1de46f59-6eb4-4ac5-a60b-99837944dc37</Role1Id>
                    <Role2Id>92ab85d4-e9b3-4adc-a62d-1410a369db79</Role2Id>
                  </anyType>
                  <anyType xsi:type="JobDefinition">
                    <Name>UniformJob</Name>
                    <Id>b317770c-2030-48f0-86b1-68ae10ef337c</Id>
                    <Structure xsi:type="JobDefinitionStructure">
                      <Id>cb13cbac-3ef1-4aa5-afae-20444e50f3b9</Id>
                      <Types>
                        <anyType xsi:type="JobData">
                          <Name>JobId</Name>
                          <Id>b4f56967-1324-4d1a-ad97-8d143af5414d</Id>
                          <Structure xsi:type="JobDataStructure">
                            <Id>4ea861fe-9d61-468d-9d9f-003278b02982</Id>
                            <Types />
                          </Structure>
                          <Text xsi:type="DP_Text">
                            <Id>adf84238-00cd-4874-b9bd-283dc576bdab</Id>
                            <Instructions />
                          </Text>
                          <Size>
                            <Width>100</Width>
                            <Height>25</Height>
                          </Size>
                          <Location>
                            <X>0</X>
                            <Y>40</Y>
                          </Location>
                          <DisplayName>id</DisplayName>
                          <NameFont>
                            <FontFamily>Segoe UI</FontFamily>
                            <Size>9</Size>
                            <Style>Regular</Style>
                          </NameFont>
                          <ShapeProperties>
                            <DefaultSize>
                              <Width>100</Width>
                              <Height>60</Height>
                            </DefaultSize>
                            <BorderColor>
                              <Argb>-16777216</Argb>
                            </BorderColor>
                            <FillColor>
                              <Argb>0</Argb>
                            </FillColor>
                            <GradientFillColor>
                              <Argb>0</Argb>
                            </GradientFillColor>
                          </ShapeProperties>
                          <ImplementationType>int</ImplementationType>
                        </anyType>
                      </Types>
                    </Structure>
                    <Text xsi:type="DP_Text">
                      <Id>2784b11e-a71f-4443-8d69-96cb4c43c358</Id>
                      <Instructions>
                        <Instruction>
                          <Name>Startup</Name>
                          <String />
                        </Instruction>
                      </Instructions>
                    </Text>
                    <Size>
                      <Width>100</Width>
                      <Height>100</Height>
                    </Size>
                    <Location>
                      <X>586</X>
                      <Y>56</Y>
                    </Location>
                    <DisplayName>uniform job</DisplayName>
                    <NameFont>
                      <FontFamily>Segoe UI</FontFamily>
                      <Size>9</Size>
                      <Style>Regular</Style>
                    </NameFont>
                    <Hidden>true</Hidden>
                    <ShapeProperties>
                      <DefaultSize>
                        <Width>100</Width>
                        <Height>60</Height>
                      </DefaultSize>
                      <BorderColor>
                        <Argb>-16777216</Argb>
                      </BorderColor>
                      <FillColor>
                        <Argb>0</Argb>
                      </FillColor>
                      <GradientFillColor>
                        <Argb>0</Argb>
                      </GradientFillColor>
                    </ShapeProperties>
                  </anyType>
                  <anyType xsi:type="DecisionCriteria">
                    <Name>Vote</Name>
                    <Id>e2dff116-e10a-4a24-b60f-ca04346b5359</Id>
                    <Structure xsi:type="DecisionCriteriaStructure">
                      <Id>a64023a6-3a51-4a39-b814-25ee735b2c48</Id>
                      <Types>
                        <anyType xsi:type="ResultData">
                          <Name>Correct</Name>
                          <Id>1a93e0a4-57b7-40d4-8b6b-4543d2fd03ea</Id>
                          <Structure xsi:type="ResultDataStructure">
                            <Id>5342013b-0f1a-4e39-b90e-1efbe18e823c</Id>
                            <Types />
                          </Structure>
                          <Text xsi:type="DP_Text">
                            <Id>af5be389-b6fe-4112-b583-201c403250ce</Id>
                            <Instructions />
                          </Text>
                          <Size>
                            <Width>100</Width>
                            <Height>25</Height>
                          </Size>
                          <Location>
                            <X>0</X>
                            <Y>27</Y>
                          </Location>
                          <DisplayName>correct</DisplayName>
                          <NameFont>
                            <FontFamily>Segoe UI</FontFamily>
                            <Size>9</Size>
                            <Style>Regular</Style>
                          </NameFont>
                          <ShapeProperties>
                            <DefaultSize>
                              <Width>100</Width>
                              <Height>60</Height>
                            </DefaultSize>
                            <BorderColor>
                              <Argb>-16777216</Argb>
                            </BorderColor>
                            <FillColor>
                              <Argb>0</Argb>
                            </FillColor>
                            <GradientFillColor>
                              <Argb>0</Argb>
                            </GradientFillColor>
                          </ShapeProperties>
                          <ImplementationType>int</ImplementationType>
                        </anyType>
                        <anyType xsi:type="ResultData">
                          <Name>Incorrect</Name>
                          <Id>f7e0eaf7-352f-4ad5-b474-e9ed4ba8f8e2</Id>
                          <Structure xsi:type="ResultDataStructure">
                            <Id>1e79653a-1d42-4a42-9a1e-c5699ac22ce9</Id>
                            <Types />
                          </Structure>
                          <Text xsi:type="DP_Text">
                            <Id>e8e770c5-c10f-42ed-8bfd-fa0b656a3a11</Id>
                            <Instructions />
                          </Text>
                          <Size>
                            <Width>100</Width>
                            <Height>25</Height>
                          </Size>
                          <Location>
                            <X>0</X>
                            <Y>61</Y>
                          </Location>
                          <DisplayName>incorrect</DisplayName>
                          <NameFont>
                            <FontFamily>Segoe UI</FontFamily>
                            <Size>9</Size>
                            <Style>Regular</Style>
                          </NameFont>
                          <ShapeProperties>
                            <DefaultSize>
                              <Width>100</Width>
                              <Height>60</Height>
                            </DefaultSize>
                            <BorderColor>
                              <Argb>-16777216</Argb>
                            </BorderColor>
                            <FillColor>
                              <Argb>0</Argb>
                            </FillColor>
                            <GradientFillColor>
                              <Argb>0</Argb>
                            </GradientFillColor>
                          </ShapeProperties>
                          <ImplementationType>int</ImplementationType>
                        </anyType>
                      </Types>
                    </Structure>
                    <Text xsi:type="DP_Text">
                      <Id>af878677-dce4-4f53-b665-a298cee5a547</Id>
                      <Instructions>
                        <Instruction>
                          <Name>Startup</Name>
                          <String />
                        </Instruction>
                      </Instructions>
                    </Text>
                    <Size>
                      <Width>100</Width>
                      <Height>100</Height>
                    </Size>
                    <Location>
                      <X>585</X>
                      <Y>176</Y>
                    </Location>
                    <DisplayName>vote</DisplayName>
                    <NameFont>
                      <FontFamily>Segoe UI</FontFamily>
                      <Size>9</Size>
                      <Style>Regular</Style>
                    </NameFont>
                    <Hidden>true</Hidden>
                    <ShapeProperties>
                      <DefaultSize>
                        <Width>100</Width>
                        <Height>60</Height>
                      </DefaultSize>
                      <BorderColor>
                        <Argb>-16777216</Argb>
                      </BorderColor>
                      <FillColor>
                        <Argb>0</Argb>
                      </FillColor>
                      <GradientFillColor>
                        <Argb>0</Argb>
                      </GradientFillColor>
                    </ShapeProperties>
                  </anyType>
                  <anyType xsi:type="DecisionVariable">
                    <Name>NumTasks</Name>
                    <Id>86a14759-1714-4153-be97-52a499dd33e2</Id>
                    <Structure xsi:type="DecisionVariableStructure">
                      <Id>2118d5aa-40d9-43cc-8be1-012dd0512b67</Id>
                      <Types />
                    </Structure>
                    <Text xsi:type="DP_Text">
                      <Id>1ead9232-003f-4fc6-9029-e2c13afd815a</Id>
                      <Instructions />
                    </Text>
                    <Size>
                      <Width>127</Width>
                      <Height>25</Height>
                    </Size>
                    <Location>
                      <X>730</X>
                      <Y>52</Y>
                    </Location>
                    <DisplayName>number of tasks</DisplayName>
                    <NameFont>
                      <FontFamily>Segoe UI</FontFamily>
                      <Size>9</Size>
                      <Style>Regular</Style>
                    </NameFont>
                    <Hidden>true</Hidden>
                    <ShapeProperties>
                      <DefaultSize>
                        <Width>100</Width>
                        <Height>60</Height>
                      </DefaultSize>
                      <BorderColor>
                        <Argb>0</Argb>
                      </BorderColor>
                      <BorderWidth>0</BorderWidth>
                      <FillColor>
                        <Argb>0</Argb>
                      </FillColor>
                      <GradientFillColor>
                        <Argb>0</Argb>
                      </GradientFillColor>
                    </ShapeProperties>
                    <ImplementationType>int</ImplementationType>
                  </anyType>
                  <anyType xsi:type="DecisionVariable">
                    <Name>ReceivedResults</Name>
                    <Id>9d8b16f1-b3aa-4d5b-86f2-6958717ffb1e</Id>
                    <Structure xsi:type="DecisionVariableStructure">
                      <Id>bd0f66a0-7310-45e9-bee5-fd52868893f8</Id>
                      <Types />
                    </Structure>
                    <Text xsi:type="DP_Text">
                      <Id>c5dbbfb6-1e52-4fd4-a129-21b070d0d7e5</Id>
                      <Instructions />
                    </Text>
                    <Size>
                      <Width>124</Width>
                      <Height>25</Height>
                    </Size>
                    <Location>
                      <X>730</X>
                      <Y>90</Y>
                    </Location>
                    <DisplayName>received results</DisplayName>
                    <NameFont>
                      <FontFamily>Segoe UI</FontFamily>
                      <Size>9</Size>
                      <Style>Regular</Style>
                    </NameFont>
                    <Hidden>true</Hidden>
                    <ShapeProperties>
                      <DefaultSize>
                        <Width>100</Width>
                        <Height>60</Height>
                      </DefaultSize>
                      <BorderColor>
                        <Argb>0</Argb>
                      </BorderColor>
                      <BorderWidth>0</BorderWidth>
                      <FillColor>
                        <Argb>0</Argb>
                      </FillColor>
                      <GradientFillColor>
                        <Argb>0</Argb>
                      </GradientFillColor>
                    </ShapeProperties>
                    <ImplementationType>Dictionary&lt;int, Vote&gt;</ImplementationType>
                    <InitialValue>new Dictionary&lt;int, Vote&gt;()</InitialValue>
                  </anyType>
                  <anyType xsi:type="DecisionVariable">
                    <Name>KParameter</Name>
                    <Id>0b60d9f8-afbb-48b2-a230-accf3e67b75c</Id>
                    <Structure xsi:type="DecisionVariableStructure">
                      <Id>4d8a05d5-0a5f-417d-8581-ec0ba89da52a</Id>
                      <Types />
                    </Structure>
                    <Text xsi:type="DP_Text">
                      <Id>400d2631-d8b9-43c3-aa45-cd6e81c14158</Id>
                      <Instructions />
                    </Text>
                    <Size>
                      <Width>100</Width>
                      <Height>25</Height>
                    </Size>
                    <Location>
                      <X>730</X>
                      <Y>133</Y>
                    </Location>
                    <DisplayName>k</DisplayName>
                    <NameFont>
                      <FontFamily>Segoe UI</FontFamily>
                      <Size>9</Size>
                      <Style>Regular</Style>
                    </NameFont>
                    <Hidden>true</Hidden>
                    <ShapeProperties>
                      <DefaultSize>
                        <Width>100</Width>
                        <Height>60</Height>
                      </DefaultSize>
                      <BorderColor>
                        <Argb>0</Argb>
                      </BorderColor>
                      <BorderWidth>0</BorderWidth>
                      <FillColor>
                        <Argb>0</Argb>
                      </FillColor>
                      <GradientFillColor>
                        <Argb>0</Argb>
                      </GradientFillColor>
                    </ShapeProperties>
                    <ImplementationType>int</ImplementationType>
                  </anyType>
                  <anyType xsi:type="DecisionVariable">
                    <Name>NumCorrect</Name>
                    <Id>93f983f4-28e4-4adb-8d4b-3d7b4589711a</Id>
                    <Structure xsi:type="DecisionVariableStructure">
                      <Id>5b514a62-b325-49e6-b1d5-93526853d50b</Id>
                      <Types />
                    </Structure>
                    <Text xsi:type="DP_Text">
                      <Id>6dfab040-757f-4ef7-8a5f-e255c5da28e6</Id>
                      <Instructions />
                    </Text>
                    <Size>
                      <Width>122</Width>
                      <Height>25</Height>
                    </Size>
                    <Location>
                      <X>730</X>
                      <Y>173</Y>
                    </Location>
                    <DisplayName>number correct</DisplayName>
                    <NameFont>
                      <FontFamily>Segoe UI</FontFamily>
                      <Size>9</Size>
                      <Style>Regular</Style>
                    </NameFont>
                    <Hidden>true</Hidden>
                    <ShapeProperties>
                      <DefaultSize>
                        <Width>100</Width>
                        <Height>60</Height>
                      </DefaultSize>
                      <BorderColor>
                        <Argb>0</Argb>
                      </BorderColor>
                      <BorderWidth>0</BorderWidth>
                      <FillColor>
                        <Argb>0</Argb>
                      </FillColor>
                      <GradientFillColor>
                        <Argb>0</Argb>
                      </GradientFillColor>
                    </ShapeProperties>
                    <ImplementationType>int</ImplementationType>
                  </anyType>
                  <anyType xsi:type="DecisionVariable">
                    <Name>NumIncorrect</Name>
                    <Id>23e19e2e-983d-4842-99f8-7e0c0ff3391e</Id>
                    <Structure xsi:type="DecisionVariableStructure">
                      <Id>25149eed-64b0-46ef-92f4-7b0fa5c1a36e</Id>
                      <Types />
                    </Structure>
                    <Text xsi:type="DP_Text">
                      <Id>a71a314b-49e2-4f55-a247-aa7131c21083</Id>
                      <Instructions />
                    </Text>
                    <Size>
                      <Width>129</Width>
                      <Height>25</Height>
                    </Size>
                    <Location>
                      <X>730</X>
                      <Y>214</Y>
                    </Location>
                    <DisplayName>number incorrect</DisplayName>
                    <NameFont>
                      <FontFamily>Segoe UI</FontFamily>
                      <Size>9</Size>
                      <Style>Regular</Style>
                    </NameFont>
                    <Hidden>true</Hidden>
                    <ShapeProperties>
                      <DefaultSize>
                        <Width>100</Width>
                        <Height>60</Height>
                      </DefaultSize>
                      <BorderColor>
                        <Argb>0</Argb>
                      </BorderColor>
                      <BorderWidth>0</BorderWidth>
                      <FillColor>
                        <Argb>0</Argb>
                      </FillColor>
                      <GradientFillColor>
                        <Argb>0</Argb>
                      </GradientFillColor>
                    </ShapeProperties>
                    <ImplementationType>int</ImplementationType>
                  </anyType>
                  <anyType xsi:type="DecisionVariable">
                    <Name>PercentCorrect</Name>
                    <Id>47bed50c-35e6-4188-a618-cbc2bd3d2fd0</Id>
                    <Structure xsi:type="DecisionVariableStructure">
                      <Id>035151bc-423e-42f4-977d-f85afd376005</Id>
                      <Types />
                    </Structure>
                    <Text xsi:type="DP_Text">
                      <Id>100e379a-f229-46f6-9ae5-58ecd65025de</Id>
                      <Instructions />
                    </Text>
                    <Size>
                      <Width>118</Width>
                      <Height>25</Height>
                    </Size>
                    <Location>
                      <X>730</X>
                      <Y>256</Y>
                    </Location>
                    <DisplayName>percent correct</DisplayName>
                    <NameFont>
                      <FontFamily>Segoe UI</FontFamily>
                      <Size>9</Size>
                      <Style>Regular</Style>
                    </NameFont>
                    <Hidden>true</Hidden>
                    <ShapeProperties>
                      <DefaultSize>
                        <Width>100</Width>
                        <Height>60</Height>
                      </DefaultSize>
                      <BorderColor>
                        <Argb>0</Argb>
                      </BorderColor>
                      <BorderWidth>0</BorderWidth>
                      <FillColor>
                        <Argb>0</Argb>
                      </FillColor>
                      <GradientFillColor>
                        <Argb>0</Argb>
                      </GradientFillColor>
                    </ShapeProperties>
                    <ImplementationType>double</ImplementationType>
                  </anyType>
                  <anyType xsi:type="JobFlow">
                    <Name>FrontOfQueue</Name>
                    <Id>9394b8da-bb01-40b5-bf4e-c5636480b8db</Id>
                    <Structure xsi:type="JobFlowStructure">
                      <Id>6d70ac33-1586-4de9-9268-decc3587feba</Id>
                      <Types />
                    </Structure>
                    <Text xsi:type="DP_Text">
                      <Id>5a18dce8-7dc3-41fe-9d39-d6006b7dc781</Id>
                      <Instructions />
                    </Text>
                    <Size>
                      <Width>64</Width>
                      <Height>208</Height>
                    </Size>
                    <Location>
                      <X>66</X>
                      <Y>115</Y>
                    </Location>
                    <DisplayName>FrontOfQueue</DisplayName>
                    <ShowName>false</ShowName>
                    <NameFont>
                      <FontFamily>Segoe UI</FontFamily>
                      <Size>9</Size>
                      <Style>Regular</Style>
                    </NameFont>
                    <LineProperties>
                      <BorderColor>
                        <Argb>-16777216</Argb>
                      </BorderColor>
                      <FillColor>
                        <Argb>0</Argb>
                      </FillColor>
                      <Role1>
                        <Font>
                          <FontFamily>Segoe UI</FontFamily>
                          <Size>9</Size>
                          <Style>Regular</Style>
                        </Font>
                        <Icon>..\..\Icons\triangle.gif</Icon>
                        <Offset>
                          <X>33</X>
                          <Y>53</Y>
                        </Offset>
                      </Role1>
                      <Role2>
                        <Font>
                          <FontFamily>Segoe UI</FontFamily>
                          <Size>9</Size>
                          <Style>Regular</Style>
                        </Font>
                        <Icon>..\..\Icons\triangle.gif</Icon>
                        <Offset>
                          <X>0</X>
                          <Y>24</Y>
                        </Offset>
                      </Role2>
                    </LineProperties>
                    <Role1Id>5c4ad530-4566-40f4-8789-46865dc9e2f8</Role1Id>
                    <Role2Id>30af572e-0a3f-4432-8f5a-c52458fad119</Role2Id>
                  </anyType>
                  <anyType xsi:type="JobFlow">
                    <Name>EndOfQueue</Name>
                    <Id>c69a0e6c-b0e9-4cce-9af5-fc2bc53daf7a</Id>
                    <Structure xsi:type="JobFlowStructure">
                      <Id>4c1fb4c8-654a-4bfd-bbf9-cd5c373e8cca</Id>
                      <Types />
                    </Structure>
                    <Text xsi:type="DP_Text">
                      <Id>ab5a33c7-dd4d-4b4b-815a-45f531d08948</Id>
                      <Instructions />
                    </Text>
                    <Size>
                      <Width>68</Width>
                      <Height>1</Height>
                    </Size>
                    <Location>
                      <X>63</X>
                      <Y>433</Y>
                    </Location>
                    <DisplayName>EndOfQueue</DisplayName>
                    <ShowName>false</ShowName>
                    <NameFont>
                      <FontFamily>Segoe UI</FontFamily>
                      <Size>9</Size>
                      <Style>Regular</Style>
                    </NameFont>
                    <LineProperties>
                      <BorderColor>
                        <Argb>-16777216</Argb>
                      </BorderColor>
                      <FillColor>
                        <Argb>0</Argb>
                      </FillColor>
                      <Role1>
                        <Font>
                          <FontFamily>Segoe UI</FontFamily>
                          <Size>9</Size>
                          <Style>Regular</Style>
                        </Font>
                        <Icon>..\..\Icons\triangle.gif</Icon>
                        <Offset>
                          <X>0</X>
                          <Y>27</Y>
                        </Offset>
                      </Role1>
                      <Role2>
                        <Font>
                          <FontFamily>Segoe UI</FontFamily>
                          <Size>9</Size>
                          <Style>Regular</Style>
                        </Font>
                        <Icon>..\..\Icons\triangle.gif</Icon>
                        <Offset>
                          <X>30</X>
                          <Y>371</Y>
                        </Offset>
                      </Role2>
                    </LineProperties>
                    <Role1Id>92ab85d4-e9b3-4adc-a62d-1410a369db79</Role1Id>
                    <Role2Id>5c4ad530-4566-40f4-8789-46865dc9e2f8</Role2Id>
                  </anyType>
                  <anyType xsi:type="NextFunction">
                    <Name>NewNextFunction</Name>
                    <Id>ad0a9f94-1940-44ab-ad41-55a7af8ade12</Id>
                    <Structure xsi:type="NextFunctionStructure">
                      <Id>b4604502-055c-4f07-9a5c-22462331f5b8</Id>
                      <Types />
                    </Structure>
                    <Text xsi:type="DP_Text">
                      <Id>6c4161cd-cba2-48d8-9795-4b6bca4f3804</Id>
                      <Instructions>
                        <Instruction>
                          <Name>Trigger</Name>
                          <String>return true;
</String>
                        </Instruction>
                        <Instruction>
                          <Name>Transfer</Name>
                          <String />
                        </Instruction>
                        <Instruction>
                          <Name>Resolve</Name>
                          <String>return Context;</String>
                        </Instruction>
                      </Instructions>
                    </Text>
                    <Size>
                      <Width>79</Width>
                      <Height>34</Height>
                    </Size>
                    <Location>
                      <X>250</X>
                      <Y>315</Y>
                    </Location>
                    <DisplayName>NewNextFunction</DisplayName>
                    <ShowName>false</ShowName>
                    <NameFont>
                      <FontFamily>Segoe UI</FontFamily>
                      <Size>9</Size>
                      <Style>Regular</Style>
                    </NameFont>
                    <LineProperties>
                      <LineWidth>50</LineWidth>
                      <BorderColor>
                        <Argb>-16777216</Argb>
                      </BorderColor>
                      <FillColor>
                        <Argb>-1</Argb>
                      </FillColor>
                      <Role1>
                        <Font>
                          <FontFamily>Segoe UI</FontFamily>
                          <Size>9</Size>
                          <Style>Regular</Style>
                        </Font>
                        <Offset>
                          <X>0</X>
                          <Y>0</Y>
                        </Offset>
                      </Role1>
                      <Role2>
                        <Font>
                          <FontFamily>Segoe UI</FontFamily>
                          <Size>9</Size>
                          <Style>Regular</Style>
                        </Font>
                        <Icon>..\..\Icons\largearrow.gif</Icon>
                        <Offset>
                          <X>120</X>
                          <Y>16</Y>
                        </Offset>
                      </Role2>
                    </LineProperties>
                    <Role1Id>1de46f59-6eb4-4ac5-a60b-99837944dc37</Role1Id>
                    <Role2Id>30af572e-0a3f-4432-8f5a-c52458fad119</Role2Id>
                  </anyType>
                  <anyType xsi:type="ServerFunction">
                    <Name>AssignJob</Name>
                    <Id>1de46f59-6eb4-4ac5-a60b-99837944dc37</Id>
                    <Structure xsi:type="ServerFunctionStructure">
                      <Id>0b3c9a9b-1a76-4466-9e4e-19c413cfb7f0</Id>
                      <Types>
                        <anyType xsi:type="LocalVariable">
                          <Name>AssignedJob</Name>
                          <Id>621a596f-ee18-4549-a3b3-1860010ad012</Id>
                          <Structure xsi:type="LocalVariableStructure">
                            <Id>0e9e05be-9ccc-4048-bd3f-f9f0decfa74e</Id>
                            <Types />
                          </Structure>
                          <Text xsi:type="DP_Text">
                            <Id>a3dc044d-1dc8-431a-86b6-8a175bffa1da</Id>
                            <Instructions />
                          </Text>
                          <Size>
                            <Width>100</Width>
                            <Height>25</Height>
                          </Size>
                          <Location>
                            <X>548</X>
                            <Y>65</Y>
                          </Location>
                          <DisplayName>AssignedJob</DisplayName>
                          <NameFont>
                            <FontFamily>Segoe UI</FontFamily>
                            <Size>9</Size>
                            <Style>Regular</Style>
                          </NameFont>
                          <ShapeProperties>
                            <DefaultSize>
                              <Width>100</Width>
                              <Height>60</Height>
                            </DefaultSize>
                            <BorderColor>
                              <Argb>-16777216</Argb>
                            </BorderColor>
                            <FillColor>
                              <Argb>0</Argb>
                            </FillColor>
                            <GradientFillColor>
                              <Argb>0</Argb>
                            </GradientFillColor>
                          </ShapeProperties>
                          <ImplementationType>UniformJob</ImplementationType>
                        </anyType>
                      </Types>
                    </Structure>
                    <Text xsi:type="DP_Text">
                      <Id>106301c4-d380-4c98-9091-24594a6535dc</Id>
                      <Instructions>
                        <Instruction>
                          <Name>Run</Name>
                          <String />
                        </Instruction>
                        <Instruction>
                          <Name>Duration</Name>
                          <String>return 0;
</String>
                        </Instruction>
                      </Instructions>
                    </Text>
                    <Size>
                      <Width>120</Width>
                      <Height>60</Height>
                    </Size>
                    <Location>
                      <X>329</X>
                      <Y>349</Y>
                    </Location>
                    <DisplayName>assign job to random volunteer</DisplayName>
                    <NameFont>
                      <FontFamily>Segoe UI</FontFamily>
                      <Size>9</Size>
                      <Style>Regular</Style>
                    </NameFont>
                    <ShapeProperties>
                      <DefaultSize>
                        <Width>100</Width>
                        <Height>60</Height>
                      </DefaultSize>
                      <BorderColor>
                        <Argb>-16777216</Argb>
                      </BorderColor>
                      <BorderWidth>2</BorderWidth>
                      <FillColor>
                        <Argb>0</Argb>
                      </FillColor>
                      <GradientFillColor>
                        <Argb>0</Argb>
                      </GradientFillColor>
                      <CornerRounding>28</CornerRounding>
                      <Alignment>MiddleCenter</Alignment>
                    </ShapeProperties>
                  </anyType>
                  <anyType xsi:type="ServerFunction">
                    <Name>GetNextJob</Name>
                    <Id>30af572e-0a3f-4432-8f5a-c52458fad119</Id>
                    <Structure xsi:type="ServerFunctionStructure">
                      <Id>fc436607-ad8f-433e-b96b-7fb7f1f7259e</Id>
                      <Types>
                        <anyType xsi:type="LocalVariable">
                          <Name>NextJob</Name>
                          <Id>5bfa1e7e-8632-45ae-a47b-d521d1996ca6</Id>
                          <Structure xsi:type="LocalVariableStructure">
                            <Id>d5e6a615-f77d-4a70-bfce-b359c38bda4c</Id>
                            <Types />
                          </Structure>
                          <Text xsi:type="DP_Text">
                            <Id>cd468dcb-134d-4ca2-8bc9-6e56e5a4c68f</Id>
                            <Instructions />
                          </Text>
                          <Size>
                            <Width>100</Width>
                            <Height>25</Height>
                          </Size>
                          <Location>
                            <X>155</X>
                            <Y>23</Y>
                          </Location>
                          <DisplayName>NextJob</DisplayName>
                          <NameFont>
                            <FontFamily>Segoe UI</FontFamily>
                            <Size>9</Size>
                            <Style>Regular</Style>
                          </NameFont>
                          <ShapeProperties>
                            <DefaultSize>
                              <Width>100</Width>
                              <Height>60</Height>
                            </DefaultSize>
                            <BorderColor>
                              <Argb>-16777216</Argb>
                            </BorderColor>
                            <FillColor>
                              <Argb>0</Argb>
                            </FillColor>
                            <GradientFillColor>
                              <Argb>0</Argb>
                            </GradientFillColor>
                          </ShapeProperties>
                          <ImplementationType>UniformJob</ImplementationType>
                        </anyType>
                      </Types>
                    </Structure>
                    <Text xsi:type="DP_Text">
                      <Id>14d00930-90fb-4765-aa9e-c5bbed971f1a</Id>
                      <Instructions>
                        <Instruction>
                          <Name>Run</Name>
                          <String>if (SimpleJobServer.UniformJobQueue.Count &gt; 0)
	NextJob = SimpleJobServer.UniformJobQueue.Dequeue();
else
	NextJob = null;
</String>
                        </Instruction>
                        <Instruction>
                          <Name>Duration</Name>
                          <String>return 0;
</String>
                        </Instruction>
                      </Instructions>
                    </Text>
                    <Size>
                      <Width>120</Width>
                      <Height>60</Height>
                    </Size>
                    <Location>
                      <X>130</X>
                      <Y>299</Y>
                    </Location>
                    <DisplayName>get next job from queue</DisplayName>
                    <NameFont>
                      <FontFamily>Segoe UI</FontFamily>
                      <Size>9</Size>
                      <Style>Regular</Style>
                    </NameFont>
                    <ShapeProperties>
                      <DefaultSize>
                        <Width>100</Width>
                        <Height>60</Height>
                      </DefaultSize>
                      <BorderColor>
                        <Argb>-16777216</Argb>
                      </BorderColor>
                      <BorderWidth>2</BorderWidth>
                      <FillColor>
                        <Argb>0</Argb>
                      </FillColor>
                      <GradientFillColor>
                        <Argb>0</Argb>
                      </GradientFillColor>
                      <CornerRounding>28</CornerRounding>
                      <Alignment>MiddleCenter</Alignment>
                    </ShapeProperties>
                  </anyType>
                  <anyType xsi:type="NextFunction">
                    <Name>FinishedGettingJob</Name>
                    <Id>7829666e-51a5-4e36-9957-daa9cc6738d7</Id>
                    <Structure xsi:type="NextFunctionStructure">
                      <Id>0f5cedee-4cc0-4a1a-b9b6-bb3ed6c79ead</Id>
                      <Types />
                    </Structure>
                    <Text xsi:type="DP_Text">
                      <Id>30c987ca-b2ab-4f84-a2dc-a7c5c966df41</Id>
                      <Instructions>
                        <Instruction>
                          <Name>Trigger</Name>
                          <String>return GetNextJob.NextJob != null;
</String>
                        </Instruction>
                        <Instruction>
                          <Name>Transfer</Name>
                          <String>AssignJob.AssignedJob = GetNextJob.NextJob;
</String>
                        </Instruction>
                        <Instruction>
                          <Name>Resolve</Name>
                          <String>return Context;
</String>
                        </Instruction>
                      </Instructions>
                    </Text>
                    <Size>
                      <Width>79</Width>
                      <Height>41</Height>
                    </Size>
                    <Location>
                      <X>250</X>
                      <Y>341</Y>
                    </Location>
                    <DisplayName>FinishedGettingJob</DisplayName>
                    <ShowName>false</ShowName>
                    <NameFont>
                      <FontFamily>Segoe UI</FontFamily>
                      <Size>9</Size>
                      <Style>Regular</Style>
                    </NameFont>
                    <LineProperties>
                      <LineWidth>50</LineWidth>
                      <BorderColor>
                        <Argb>-16777216</Argb>
                      </BorderColor>
                      <FillColor>
                        <Argb>-1</Argb>
                      </FillColor>
                      <Role1>
                        <Font>
                          <FontFamily>Segoe UI</FontFamily>
                          <Size>9</Size>
                          <Style>Regular</Style>
                        </Font>
                        <Offset>
                          <X>120</X>
                          <Y>42</Y>
                        </Offset>
                      </Role1>
                      <Role2>
                        <Font>
                          <FontFamily>Segoe UI</FontFamily>
                          <Size>9</Size>
                          <Style>Regular</Style>
                        </Font>
                        <Icon>.\largearrow.gif</Icon>
                        <Offset>
                          <X>0</X>
                          <Y>33</Y>
                        </Offset>
                      </Role2>
                    </LineProperties>
                    <Role1Id>30af572e-0a3f-4432-8f5a-c52458fad119</Role1Id>
                    <Role2Id>1de46f59-6eb4-4ac5-a60b-99837944dc37</Role2Id>
                  </anyType>
                  <anyType xsi:type="DecisionVariable">
                    <Name>TotalExecutionTime</Name>
                    <Id>c82903b5-3efe-46e8-b8db-d5369c4c84bf</Id>
                    <Structure xsi:type="DecisionVariableStructure">
                      <Id>0af17181-9ab6-492a-89e0-ab5f05f7cec6</Id>
                      <Types />
                    </Structure>
                    <Text xsi:type="DP_Text">
                      <Id>cf9a2f00-56e2-4737-8bda-6b94a1da124e</Id>
                      <Instructions />
                    </Text>
                    <Size>
                      <Width>100</Width>
                      <Height>25</Height>
                    </Size>
                    <Location>
                      <X>343</X>
                      <Y>59</Y>
                    </Location>
                    <DisplayName>TotalNumberofJobs</DisplayName>
                    <NameFont>
                      <FontFamily>Segoe UI</FontFamily>
                      <Size>9</Size>
                      <Style>Regular</Style>
                    </NameFont>
                    <Hidden>true</Hidden>
                    <ShapeProperties>
                      <DefaultSize>
                        <Width>100</Width>
                        <Height>60</Height>
                      </DefaultSize>
                      <BorderColor>
                        <Argb>0</Argb>
                      </BorderColor>
                      <BorderWidth>0</BorderWidth>
                      <FillColor>
                        <Argb>-1</Argb>
                      </FillColor>
                      <GradientFill>true</GradientFill>
                      <GradientFillColor>
                        <Argb>-2039584</Argb>
                      </GradientFillColor>
                    </ShapeProperties>
                    <ImplementationType>double</ImplementationType>
                    <InitialValue>0</InitialValue>
                  </anyType>
                  <anyType xsi:type="DecisionVariable">
                    <Name>Cost</Name>
                    <Id>9ddca5a0-e7ff-4439-9160-fef679df5d57</Id>
                    <Structure xsi:type="DecisionVariableStructure">
                      <Id>61a6dbd6-c370-43da-9d30-68a8136a31ac</Id>
                      <Types />
                    </Structure>
                    <Text xsi:type="DP_Text">
                      <Id>f3ac3e3a-2ce0-40c0-b92f-5182b71344bf</Id>
                      <Instructions />
                    </Text>
                    <Size>
                      <Width>100</Width>
                      <Height>25</Height>
                    </Size>
                    <Location>
                      <X>374</X>
                      <Y>162</Y>
                    </Location>
                    <DisplayName>Cost</DisplayName>
                    <NameFont>
                      <FontFamily>Segoe UI</FontFamily>
                      <Size>9</Size>
                      <Style>Regular</Style>
                    </NameFont>
                    <Hidden>true</Hidden>
                    <ShapeProperties>
                      <DefaultSize>
                        <Width>100</Width>
                        <Height>60</Height>
                      </DefaultSize>
                      <BorderColor>
                        <Argb>0</Argb>
                      </BorderColor>
                      <BorderWidth>0</BorderWidth>
                      <FillColor>
                        <Argb>-1</Argb>
                      </FillColor>
                      <GradientFill>true</GradientFill>
                      <GradientFillColor>
                        <Argb>-2039584</Argb>
                      </GradientFillColor>
                    </ShapeProperties>
                    <ImplementationType>double</ImplementationType>
                    <InitialValue>0</InitialValue>
                  </anyType>
                </Types>
              </Structure>
              <Text xsi:type="DP_Text">
                <Id>f55316eb-3e5c-4fdc-baca-7b5b6e706524</Id>
                <Instructions>
                  <Instruction>
                    <Name>Startup</Name>
                    <String />
                  </Instruction>
                </Instructions>
              </Text>
              <Size>
                <Width>471</Width>
                <Height>514</Height>
              </Size>
              <Location>
                <X>241</X>
                <Y>29</Y>
              </Location>
              <DisplayName>job server</DisplayName>
              <NameFont>
                <FontFamily>Segoe UI</FontFamily>
                <Size>11</Size>
                <Style>Bold</Style>
              </NameFont>
              <ShapeProperties>
                <DefaultSize>
                  <Width>100</Width>
                  <Height>60</Height>
                </DefaultSize>
                <BorderColor>
                  <Argb>-16777216</Argb>
                </BorderColor>
                <BorderWidth>4</BorderWidth>
                <FillColor>
                  <Argb>0</Argb>
                </FillColor>
                <GradientFillColor>
                  <Argb>0</Argb>
                </GradientFillColor>
                <Alignment>TopCenter</Alignment>
              </ShapeProperties>
            </anyType>
            <anyType xsi:type="ProblemSubmission">
              <Name>NewProblemSubmission</Name>
              <Id>2d26cf0f-7f09-4510-8602-bc6a73c34472</Id>
              <Structure xsi:type="ProblemSubmissionStructure">
                <Id>a6a38478-d1e0-46e7-a39d-b2ba611e3da9</Id>
                <Types />
              </Structure>
              <Text xsi:type="DP_Text">
                <Id>bb49af85-188d-4881-9468-2d94a9fd7637</Id>
                <Instructions />
              </Text>
              <Size>
                <Width>135</Width>
                <Height>0</Height>
              </Size>
              <Location>
                <X>106</X>
                <Y>103</Y>
              </Location>
              <DisplayName>submit to server</DisplayName>
              <NameFont>
                <FontFamily>Segoe UI</FontFamily>
                <Size>9</Size>
                <Style>Regular</Style>
              </NameFont>
              <LineProperties>
                <LineWidth>50</LineWidth>
                <BorderColor>
                  <Argb>-16777216</Argb>
                </BorderColor>
                <FillColor>
                  <Argb>-1</Argb>
                </FillColor>
                <Role1>
                  <Font>
                    <FontFamily>Segoe UI</FontFamily>
                    <Size>9</Size>
                    <Style>Regular</Style>
                  </Font>
                  <Offset>
                    <X>97</X>
                    <Y>54</Y>
                  </Offset>
                </Role1>
                <Role2>
                  <Font>
                    <FontFamily>Segoe UI</FontFamily>
                    <Size>9</Size>
                    <Style>Regular</Style>
                  </Font>
                  <Icon>..\..\Icons\largearrow.gif</Icon>
                  <Offset>
                    <X>0</X>
                    <Y>74</Y>
                  </Offset>
                </Role2>
              </LineProperties>
              <Role1Id>139c659e-5d62-4f7d-b2e0-52e2b38d6385</Role1Id>
              <Role2Id>0712a8aa-7c6a-412b-a118-758cfc6e8fe2</Role2Id>
            </anyType>
            <anyType xsi:type="Network">
              <Name>VolunteerNetwork</Name>
              <Id>820e1d39-e9ab-4d5a-92d8-0929fe4653a0</Id>
              <Structure xsi:type="NetworkStructure">
                <Id>fb6f3613-94fd-4533-b47b-a5ca1db6480e</Id>
                <Types />
              </Structure>
              <Text xsi:type="DP_Text">
                <Id>c292793a-d9b4-440d-8e1a-e70b791ed405</Id>
                <Instructions />
              </Text>
              <Size>
                <Width>146</Width>
                <Height>0</Height>
              </Size>
              <Location>
                <X>712</X>
                <Y>281</Y>
              </Location>
              <DisplayName>volunteer network</DisplayName>
              <NameFont>
                <FontFamily>Segoe UI</FontFamily>
                <Size>9</Size>
                <Style>Regular</Style>
              </NameFont>
              <LineProperties>
                <LineWidth>50</LineWidth>
                <BorderColor>
                  <Argb>-16777216</Argb>
                </BorderColor>
                <FillColor>
                  <Argb>-1</Argb>
                </FillColor>
                <Role1>
                  <Font>
                    <FontFamily>Segoe UI</FontFamily>
                    <Size>9</Size>
                    <Style>Regular</Style>
                  </Font>
                  <Icon>..\..\Icons\largearrow.gif</Icon>
                  <Offset>
                    <X>471</X>
                    <Y>252</Y>
                  </Offset>
                </Role1>
                <Role2>
                  <Font>
                    <FontFamily>Segoe UI</FontFamily>
                    <Size>9</Size>
                    <Style>Regular</Style>
                  </Font>
                  <Icon>..\..\Icons\largearrow.gif</Icon>
                  <Offset>
                    <X>0</X>
                    <Y>91</Y>
                  </Offset>
                </Role2>
              </LineProperties>
              <Role1Id>0712a8aa-7c6a-412b-a118-758cfc6e8fe2</Role1Id>
              <Role2Id>2f5684ff-4188-4930-ac0f-a6ae6ea3de45</Role2Id>
            </anyType>
          </Types>
        </Structure>
        <Text xsi:type="DP_Text">
          <Id>c9d3a51f-8563-410e-8872-6d00959005f6</Id>
          <Instructions>
            <Instruction>
              <Name>Startup</Name>
              <String />
            </Instruction>
          </Instructions>
        </Text>
        <Size>
          <Width>316</Width>
          <Height>177</Height>
        </Size>
        <Location>
          <X>50</X>
          <Y>25</Y>
        </Location>
        <DisplayName>SmartRedundancySystem</DisplayName>
        <NameFont>
          <FontFamily>Segoe UI</FontFamily>
          <Size>9</Size>
          <Style>Regular</Style>
        </NameFont>
        <ShapeProperties>
          <DefaultSize>
            <Width>100</Width>
            <Height>60</Height>
          </DefaultSize>
          <BorderStyle>Dash</BorderStyle>
          <BorderColor>
            <Argb>-16777216</Argb>
          </BorderColor>
          <BorderWidth>2</BorderWidth>
          <FillColor>
            <Argb>0</Argb>
          </FillColor>
          <GradientFillColor>
            <Argb>0</Argb>
          </GradientFillColor>
        </ShapeProperties>
      </anyType>
    </Types>
  </Structure>
  <Text xsi:type="DP_Text">
    <Id>c555fa1d-caa0-405a-a512-6b32957951f4</Id>
    <Instructions>
      <Instruction>
        <Name>Initialize</Name>
        <String>foreach (SmartRedundancySystem t in SmartRedundancySystemList)
{

	for (int i = 0; i &lt; t.NewProblemSubmissionList.Count; i++)
	{
    		t.NewProblemSubmissionList[i].Problem = t.ProblemList[i];
    		t.NewProblemSubmissionList[i].SimpleJobServer = t.SimpleJobServerList[i];
	}

	for (int i = 0; i &lt; t.VolunteerNetworkList.Count; i++)
	{
    		t.VolunteerNetworkList[i].Volunteers = t.VolunteersList[i];
    		t.VolunteerNetworkList[i].SimpleJobServer = t.SimpleJobServerList[i];
	}

}
</String>
      </Instruction>
    </Instructions>
  </Text>
</VolunteerComputingModel>