<?xml version="1.0" encoding="utf-8"?>
<ArrayOfDP_Simulation xmlns:xsd="http://www.w3.org/2001/XMLSchema" xmlns:xsi="http://www.w3.org/2001/XMLSchema-instance">
  <DP_Simulation>
    <Name>k = 3, r = 0.7</Name>
    <Position>0</Position>
    <Status>Idle</Status>
    <CreatedTime>2011-11-15T09:19:05.1763666-08:00</CreatedTime>
    <LastRunTime>2015-08-10T05:58:51.6075548-07:00</LastRunTime>
    <RunningTime />
    <SimulationTime>20.427575509330453</SimulationTime>
    <AverageRunningTime>368377795</AverageRunningTime>
    <AverageSimulationTime>653</AverageSimulationTime>
    <Progress>1000</Progress>
    <Runs>
      <DP_SimulationRun>
        <StartTime>2011-12-14T14:03:57.4211385-08:00</StartTime>
        <EndTime>2011-12-14T14:04:03.0103477-08:00</EndTime>
        <SimTime>638</SimTime>
      </DP_SimulationRun>
      <DP_SimulationRun>
        <StartTime>2011-12-14T14:04:25.2123841-08:00</StartTime>
        <EndTime>2011-12-14T14:04:27.0871873-08:00</EndTime>
        <SimTime>636</SimTime>
      </DP_SimulationRun>
      <DP_SimulationRun>
        <StartTime>2011-12-14T14:05:32.4344989-08:00</StartTime>
        <EndTime>2011-12-14T14:05:45.2477194-08:00</EndTime>
        <SimTime>652</SimTime>
      </DP_SimulationRun>
      <DP_SimulationRun>
        <StartTime>2011-12-14T18:39:00.5799735-08:00</StartTime>
        <EndTime>0001-01-01T00:00:00</EndTime>
        <SimTime>0</SimTime>
      </DP_SimulationRun>
      <DP_SimulationRun>
        <StartTime>2011-12-14T18:41:24.1594181-08:00</StartTime>
        <EndTime>0001-01-01T00:00:00</EndTime>
        <SimTime>0</SimTime>
      </DP_SimulationRun>
      <DP_SimulationRun>
        <StartTime>2011-12-14T18:42:24.6523211-08:00</StartTime>
        <EndTime>2011-12-14T18:42:26.413124-08:00</EndTime>
        <SimTime>642</SimTime>
      </DP_SimulationRun>
      <DP_SimulationRun>
        <StartTime>2011-12-14T18:43:16.7880067-08:00</StartTime>
        <EndTime>2011-12-14T18:43:23.7708179-08:00</EndTime>
        <SimTime>663</SimTime>
      </DP_SimulationRun>
      <DP_SimulationRun>
        <StartTime>2011-12-14T18:45:45.8414623-08:00</StartTime>
        <EndTime>2011-12-14T18:45:47.2898645-08:00</EndTime>
        <SimTime>633</SimTime>
      </DP_SimulationRun>
      <DP_SimulationRun>
        <StartTime>2011-12-14T18:49:31.2726431-08:00</StartTime>
        <EndTime>0001-01-01T00:00:00</EndTime>
        <SimTime>0</SimTime>
      </DP_SimulationRun>
      <DP_SimulationRun>
        <StartTime>2011-12-14T18:57:32.0346591-08:00</StartTime>
        <EndTime>2011-12-14T18:57:34.7030632-08:00</EndTime>
        <SimTime>661</SimTime>
      </DP_SimulationRun>
      <DP_SimulationRun>
        <StartTime>2011-12-14T19:00:11.4727294-08:00</StartTime>
        <EndTime>2011-12-14T19:00:13.9375338-08:00</EndTime>
        <SimTime>640</SimTime>
      </DP_SimulationRun>
      <DP_SimulationRun>
        <StartTime>2011-12-15T10:43:55.7609987-08:00</StartTime>
        <EndTime>2011-12-15T10:43:58.0698027-08:00</EndTime>
        <SimTime>641</SimTime>
      </DP_SimulationRun>
      <DP_SimulationRun>
        <StartTime>2011-12-15T10:44:03.6702126-08:00</StartTime>
        <EndTime>2011-12-15T10:44:05.604616-08:00</EndTime>
        <SimTime>661</SimTime>
      </DP_SimulationRun>
      <DP_SimulationRun>
        <StartTime>2011-12-15T10:44:07.9914201-08:00</StartTime>
        <EndTime>2011-12-15T10:44:19.878641-08:00</EndTime>
        <SimTime>641</SimTime>
      </DP_SimulationRun>
      <DP_SimulationRun>
        <StartTime>2011-12-15T11:06:00.7493259-08:00</StartTime>
        <EndTime>2011-12-15T11:06:05.1173336-08:00</EndTime>
        <SimTime>965</SimTime>
      </DP_SimulationRun>
      <DP_SimulationRun>
        <StartTime>2011-12-15T12:22:30.3821947-08:00</StartTime>
        <EndTime>2011-12-15T12:22:35.0622029-08:00</EndTime>
        <SimTime>982</SimTime>
      </DP_SimulationRun>
      <DP_SimulationRun>
        <StartTime>2011-12-15T12:25:01.2188596-08:00</StartTime>
        <EndTime>2011-12-15T12:25:05.4620671-08:00</EndTime>
        <SimTime>969</SimTime>
      </DP_SimulationRun>
      <DP_SimulationRun>
        <StartTime>2012-01-17T17:29:11.4829174-08:00</StartTime>
        <EndTime>2012-01-17T17:29:14.8993234-08:00</EndTime>
        <SimTime>317.5</SimTime>
      </DP_SimulationRun>
      <DP_SimulationRun>
        <StartTime>2012-01-25T02:32:01.9897627-08:00</StartTime>
        <EndTime>2012-01-25T02:32:03.9168729-08:00</EndTime>
        <SimTime>6228</SimTime>
      </DP_SimulationRun>
      <DP_SimulationRun>
        <StartTime>2012-01-25T02:32:53.2676956-08:00</StartTime>
        <EndTime>2012-01-25T02:32:55.8478432-08:00</EndTime>
        <SimTime>6326</SimTime>
      </DP_SimulationRun>
      <DP_SimulationRun>
        <StartTime>2012-02-13T14:17:02.0678483-08:00</StartTime>
        <EndTime>2012-02-13T14:17:48.3971254-08:00</EndTime>
        <SimTime>0</SimTime>
      </DP_SimulationRun>
      <DP_SimulationRun>
        <StartTime>2012-02-13T14:18:21.791181-08:00</StartTime>
        <EndTime>2012-02-13T14:19:18.4404699-08:00</EndTime>
        <SimTime>0</SimTime>
      </DP_SimulationRun>
      <DP_SimulationRun>
        <StartTime>2012-02-13T14:22:33.6966575-08:00</StartTime>
        <EndTime>2012-02-13T14:23:19.5575333-08:00</EndTime>
        <SimTime>0</SimTime>
      </DP_SimulationRun>
      <DP_SimulationRun>
        <StartTime>2012-02-13T14:27:35.2343578-08:00</StartTime>
        <EndTime>2012-02-13T14:27:57.7263957-08:00</EndTime>
        <SimTime>0</SimTime>
      </DP_SimulationRun>
      <DP_SimulationRun>
        <StartTime>2012-02-13T14:30:33.3758539-08:00</StartTime>
        <EndTime>2012-02-13T14:31:17.8551297-08:00</EndTime>
        <SimTime>0</SimTime>
      </DP_SimulationRun>
      <DP_SimulationRun>
        <StartTime>2012-02-13T14:31:42.9595724-08:00</StartTime>
        <EndTime>2012-02-13T14:34:05.6149933-08:00</EndTime>
        <SimTime>0</SimTime>
      </DP_SimulationRun>
      <DP_SimulationRun>
        <StartTime>2012-02-13T14:45:36.6220401-08:00</StartTime>
        <EndTime>2012-02-13T14:48:59.7800786-08:00</EndTime>
        <SimTime>324.6200943469907</SimTime>
      </DP_SimulationRun>
      <DP_SimulationRun>
        <StartTime>2012-02-13T14:52:28.732424-08:00</StartTime>
        <EndTime>2012-02-13T14:52:42.0088466-08:00</EndTime>
        <SimTime>324.64973861833596</SimTime>
      </DP_SimulationRun>
      <DP_SimulationRun>
        <StartTime>2012-02-13T14:53:26.4465191-08:00</StartTime>
        <EndTime>2012-02-13T14:53:41.247744-08:00</EndTime>
        <SimTime>336.48679624032803</SimTime>
      </DP_SimulationRun>
      <DP_SimulationRun>
        <StartTime>2012-03-06T09:19:47.6300687-08:00</StartTime>
        <EndTime>2012-03-06T09:20:00.6560916-08:00</EndTime>
        <SimTime>331.85345685512124</SimTime>
      </DP_SimulationRun>
      <DP_SimulationRun>
        <StartTime>2012-03-12T11:17:17.5093704-07:00</StartTime>
        <EndTime>2012-03-12T11:17:30.5353933-07:00</EndTime>
        <SimTime>326.32496635880091</SimTime>
      </DP_SimulationRun>
      <DP_SimulationRun>
        <StartTime>2012-04-16T20:36:51.7856562-07:00</StartTime>
        <EndTime>2012-04-16T20:40:51.3123563-07:00</EndTime>
        <SimTime>332.04212745370239</SimTime>
      </DP_SimulationRun>
      <DP_SimulationRun>
        <StartTime>2012-04-16T21:28:03.198331-07:00</StartTime>
        <EndTime>2012-04-16T21:30:07.5814453-07:00</EndTime>
        <SimTime>144.85727805371522</SimTime>
      </DP_SimulationRun>
      <DP_SimulationRun>
        <StartTime>2012-04-17T13:33:09.0879783-07:00</StartTime>
        <EndTime>2012-04-17T13:33:21.1796699-07:00</EndTime>
        <SimTime>331.21402943264059</SimTime>
      </DP_SimulationRun>
      <DP_SimulationRun>
        <StartTime>2012-04-17T13:45:33.7335696-07:00</StartTime>
        <EndTime>2012-04-17T13:47:57.6558014-07:00</EndTime>
        <SimTime>316.322337264045</SimTime>
      </DP_SimulationRun>
      <DP_SimulationRun>
        <StartTime>2012-04-17T13:48:24.1673178-07:00</StartTime>
        <EndTime>2012-04-17T13:48:59.5593421-07:00</EndTime>
        <SimTime>51.739161166716769</SimTime>
      </DP_SimulationRun>
      <DP_SimulationRun>
        <StartTime>2012-04-17T15:01:34.2654171-07:00</StartTime>
        <EndTime>2012-04-17T15:04:05.8050846-07:00</EndTime>
        <SimTime>321.40993193541203</SimTime>
      </DP_SimulationRun>
      <DP_SimulationRun>
        <StartTime>2012-04-18T13:55:05.2449422-07:00</StartTime>
        <EndTime>2012-04-18T13:55:18.7701659-07:00</EndTime>
        <SimTime>316.88579525594366</SimTime>
      </DP_SimulationRun>
      <DP_SimulationRun>
        <StartTime>2012-04-18T13:55:32.4045899-07:00</StartTime>
        <EndTime>2012-04-18T13:55:47.0686156-07:00</EndTime>
        <SimTime>322.26428505090769</SimTime>
      </DP_SimulationRun>
      <DP_SimulationRun>
        <StartTime>2012-04-26T12:43:18.0840528-07:00</StartTime>
        <EndTime>2012-04-26T12:46:36.6724016-07:00</EndTime>
        <SimTime>332.82710756858478</SimTime>
      </DP_SimulationRun>
      <DP_SimulationRun>
        <StartTime>2015-08-09T13:20:37.9196609-07:00</StartTime>
        <EndTime>2015-08-09T13:20:56.4327297-07:00</EndTime>
        <SimTime>320.17635372901481</SimTime>
      </DP_SimulationRun>
      <DP_SimulationRun>
        <StartTime>2015-08-09T14:17:38.3148679-07:00</StartTime>
        <EndTime>2015-08-09T14:17:58.0860001-07:00</EndTime>
        <SimTime>320.66634941931551</SimTime>
      </DP_SimulationRun>
      <DP_SimulationRun>
        <StartTime>2015-08-09T14:38:11.8797144-07:00</StartTime>
        <EndTime>2015-08-09T14:38:22.4143062-07:00</EndTime>
        <SimTime>322.975837395538</SimTime>
      </DP_SimulationRun>
      <DP_SimulationRun>
        <StartTime>2015-08-09T14:38:43.1194998-07:00</StartTime>
        <EndTime>2015-08-09T14:38:53.3210752-07:00</EndTime>
        <SimTime>318.871693144612</SimTime>
      </DP_SimulationRun>
      <DP_SimulationRun>
        <StartTime>2015-08-10T05:57:27.9960313-07:00</StartTime>
        <EndTime>2015-08-10T05:57:45.1382467-07:00</EndTime>
        <SimTime>323.61451077851717</SimTime>
      </DP_SimulationRun>
      <DP_SimulationRun>
        <StartTime>2015-08-10T05:58:02.5488284-07:00</StartTime>
        <EndTime>2015-08-10T05:58:25.7253498-07:00</EndTime>
        <SimTime>378.60093670869276</SimTime>
      </DP_SimulationRun>
      <DP_SimulationRun>
        <StartTime>2015-08-10T05:58:26.1803788-07:00</StartTime>
        <EndTime>2015-08-10T05:58:50.7335015-07:00</EndTime>
        <SimTime>378.6321441626024</SimTime>
      </DP_SimulationRun>
      <DP_SimulationRun>
        <StartTime>2015-08-10T05:58:51.6075548-07:00</StartTime>
        <EndTime>2015-08-10T05:58:54.5774471-07:00</EndTime>
        <SimTime>20.427575509330453</SimTime>
      </DP_SimulationRun>
    </Runs>
    <Watched>
      <DP_WatchedType>
        <Type>SmartRedundancySystem.SimpleJobServer.PercentCorrect</Type>
      </DP_WatchedType>
      <DP_WatchedType>
        <Type>SmartRedundancySystem.SimpleJobServer.HandleResult</Type>
      </DP_WatchedType>
      <DP_WatchedType>
        <Type>SmartRedundancySystem.SimpleJobServer.Cost</Type>
      </DP_WatchedType>
      <DP_WatchedType>
        <Type>SmartRedundancySystem.SimpleJobServer.TotalExecutionTime</Type>
      </DP_WatchedType>
    </Watched>
    <PropertyOverrides>
      <DP_PropertyOverride>
        <Type>SmartRedundancySystem.Volunteers</Type>
        <Property>ProcessingPower</Property>
        <Value xsi:type="xsd:double">2</Value>
      </DP_PropertyOverride>
      <DP_PropertyOverride>
        <Type>SmartRedundancySystem.Volunteers</Type>
        <Property>VolunteerReliability</Property>
        <Value xsi:type="xsd:double">0.6</Value>
      </DP_PropertyOverride>
      <DP_PropertyOverride>
        <Type>SmartRedundancySystem.Volunteers</Type>
        <Property>PoolSize</Property>
        <Value xsi:type="xsd:int">20</Value>
      </DP_PropertyOverride>
      <DP_PropertyOverride>
        <Type>SmartRedundancySystem.Problem</Type>
        <Property>ComputationSize</Property>
        <Value xsi:type="xsd:int">100</Value>
      </DP_PropertyOverride>
    </PropertyOverrides>
    <StartInstances>
      <DP_StartInstance>
        <Type>SmartRedundancySystem</Type>
        <Methods />
        <Count>1</Count>
        <Instances>
          <DP_StartInstance>
            <Type>Problem</Type>
            <Methods />
            <Count>1</Count>
            <Instances />
          </DP_StartInstance>
          <DP_StartInstance>
            <Type>Volunteers</Type>
            <Methods />
            <Count>1</Count>
            <Instances />
          </DP_StartInstance>
          <DP_StartInstance>
            <Type>SimpleJobServer</Type>
            <Methods>
              <string>SubdivideComp</string>
            </Methods>
            <Count>1</Count>
            <Instances />
          </DP_StartInstance>
          <DP_StartInstance>
            <Type>NewProblemSubmission</Type>
            <Methods />
            <Count>1</Count>
            <Instances />
          </DP_StartInstance>
          <DP_StartInstance>
            <Type>VolunteerNetwork</Type>
            <Methods />
            <Count>1</Count>
            <Instances />
          </DP_StartInstance>
        </Instances>
      </DP_StartInstance>
    </StartInstances>
    <TerminationConditions>
      <MaxSimTime>0</MaxSimTime>
      <MaxRunTime>00:00:00</MaxRunTime>
      <MaxCycles>0</MaxCycles>
    </TerminationConditions>
  </DP_Simulation>
</ArrayOfDP_Simulation>